patient_id,arrival_minute,severity,source,transport
B0000,1,3.53,background,walk-in
B0001,11,5.3,background,walk-in
B0002,12,9.34,background,ambulance
B0003,31,8.71,background,ambulance
B0004,34,1.83,background,walk-in
B0005,35,3.88,background,walk-in
B0006,38,4.06,background,ambulance
B0007,46,4.47,background,ambulance
B0008,49,4.58,background,ambulance
M0087,71,3.5,incident,walk-in
B0009,73,3.28,background,walk-in
M0028,73,3.06,incident,walk-in
M0085,74,2.72,incident,walk-in
M0082,75,3.78,incident,walk-in
M0060,78,2.08,incident,walk-in
M0040,79,3.81,incident,walk-in
M0061,79,3.82,incident,walk-in
M0004,80,2.62,incident,walk-in
M0025,80,2.69,incident,walk-in
M0055,80,3.94,incident,walk-in
M0062,80,3.14,incident,walk-in
M0010,81,4.08,incident,walk-in
M0018,82,0.7,incident,walk-in
M0038,82,2.67,incident,walk-in
M0069,82,8.88,incident,ambulance
M0078,82,6.18,incident,ambulance
M0029,83,9.57,incident,ambulance
M0043,84,2.59,incident,walk-in
M0008,85,3.05,incident,walk-in
M0075,85,2.92,incident,walk-in
M0030,86,2.33,incident,walk-in
M0009,87,2.24,incident,walk-in
M0049,87,3.02,incident,walk-in
M0024,88,8.04,incident,ambulance
M0079,89,4.47,incident,ambulance
M0081,89,2.3,incident,walk-in
M0023,91,8.08,incident,ambulance
M0035,91,4.45,incident,walk-in
M0014,92,2.05,incident,walk-in
M0074,92,7.74,incident,ambulance
M0077,92,3.01,incident,walk-in
M0039,93,3.89,incident,walk-in
M0056,93,7.98,incident,walk-in
M0095,93,9.5,incident,ambulance
M0017,94,3.77,incident,walk-in
M0019,94,5.13,incident,walk-in
M0057,95,2.68,incident,walk-in
M0034,96,9.53,incident,ambulance
M0093,96,9.11,incident,ambulance
M0045,97,3.81,incident,walk-in
M0063,99,2.85,incident,ambulance
M0090,99,2.96,incident,walk-in
M0099,99,2.6,incident,walk-in
M0006,100,3.36,incident,ambulance
M0046,100,5.05,incident,walk-in
M0059,100,5.97,incident,walk-in
M0068,100,2.69,incident,walk-in
M0071,100,3.96,incident,walk-in
M0020,101,1.45,incident,walk-in
M0033,101,2.06,incident,walk-in
M0042,101,4.87,incident,walk-in
M0083,101,3.67,incident,walk-in
M0094,101,2.93,incident,walk-in
M0027,102,4.53,incident,ambulance
M0051,102,3.88,incident,walk-in
M0067,102,6.61,incident,ambulance
M0022,103,4.12,incident,ambulance
M0048,104,4.21,incident,walk-in
M0052,104,3.68,incident,walk-in
M0002,105,8.2,incident,ambulance
M0011,105,2.63,incident,walk-in
M0005,106,2.74,incident,walk-in
M0012,106,3.68,incident,walk-in
M0053,106,8.39,incident,ambulance
M0073,106,5.48,incident,ambulance
M0084,106,3.37,incident,walk-in
M0044,107,6.26,incident,ambulance
M0076,107,7.95,incident,ambulance
M0089,107,6.41,incident,ambulance
M0047,108,8.89,incident,ambulance
M0050,109,3.02,incident,walk-in
M0091,109,2.15,incident,walk-in
M0016,113,9.31,incident,ambulance
M0088,113,3.47,incident,walk-in
M0037,114,5.56,incident,walk-in
M0086,114,9.0,incident,ambulance
M0003,119,6.09,incident,ambulance
M0013,119,1.99,incident,walk-in
M0072,119,4.81,incident,walk-in
M0064,121,8.13,incident,ambulance
M0015,122,5.74,incident,ambulance
M0080,126,3.43,incident,walk-in
M0031,132,2.45,incident,walk-in
M0066,133,6.22,incident,ambulance
M0092,135,8.91,incident,ambulance
M0058,136,6.04,incident,ambulance
B0010,139,2.24,background,walk-in
M0097,140,7.05,incident,ambulance
M0021,142,9.28,incident,ambulance
M0098,142,1.81,incident,walk-in
M0054,143,8.25,incident,ambulance
M0036,146,7.68,incident,ambulance
M0065,148,3.85,incident,ambulance
M0096,151,8.72,incident,ambulance
M0032,152,3.64,incident,walk-in
B0011,156,3.87,background,walk-in
M0001,161,4.87,incident,ambulance
M0007,177,4.6,incident,ambulance
B0012,179,2.61,background,walk-in
M0000,194,5.07,incident,ambulance
M0070,199,6.99,incident,ambulance
B0013,208,3.01,background,walk-in
B0014,208,5.59,background,walk-in
B0015,211,3.41,background,walk-in
B0016,217,5.02,background,walk-in
B0017,227,4.98,background,ambulance
B0018,227,3.97,background,walk-in
B0019,234,5.0,background,walk-in
B0020,254,3.72,background,walk-in
B0021,263,1.28,background,walk-in
B0022,268,3.91,background,ambulance
B0023,288,3.77,background,walk-in
M0026,296,4.93,incident,ambulance
B0024,310,3.12,background,walk-in
B0025,311,3.14,background,walk-in
B0026,320,4.71,background,walk-in
M0041,326,3.31,incident,ambulance
B0027,331,3.22,background,walk-in
B0028,331,4.35,background,walk-in
B0029,357,3.59,background,walk-in
B0030,361,3.35,background,ambulance
B0031,361,9.21,background,ambulance
B0032,363,2.69,background,ambulance
B0033,365,2.34,background,walk-in
B0034,382,4.64,background,walk-in
B0035,382,4.84,background,ambulance
B0036,384,3.02,background,walk-in
B0037,396,2.04,background,ambulance
B0038,398,2.32,background,walk-in
B0039,413,2.44,background,walk-in
B0040,435,2.45,background,walk-in
B0041,441,2.64,background,walk-in
B0042,442,5.94,background,walk-in
B0043,447,2.62,background,walk-in
B0044,465,4.5,background,ambulance
